{"cameraMode":{"drawMode":0,"name":"Shaded","section":"Shading Mode"},"sceneLighting":true,"audioPlay":false,"sceneViewState":{"showFog":true,"showMaterialUpdate":false,"showSkybox":true,"showFlares":true,"showImageEffects":true,"showParticleSystems":true},"in2DMode":false,"pivot":{"x":5.102323532104492,"y":17.992769241333009,"z":-4.091568470001221},"rotation":{"x":-0.2685016095638275,"y":0.7050762176513672,"z":-0.33565589785575869,"w":-0.5640124678611755},"size":29.817832946777345,"orthographic":false}