{"cameraMode":{"drawMode":0,"name":"Shaded","section":"Shading Mode"},"sceneLighting":true,"audioPlay":false,"sceneViewState":{"showFog":true,"showMaterialUpdate":false,"showSkybox":true,"showFlares":true,"showImageEffects":true,"showParticleSystems":true},"in2DMode":false,"pivot":{"x":5.1222944259643559,"y":-1.1749305725097657,"z":4.2193708419799809},"rotation":{"x":0.12814077734947205,"y":0.8715724349021912,"z":-0.34641021490097048,"w":0.3224036693572998},"size":28.562355041503908,"orthographic":false}